<?xml version="1.0" encoding="utf-8" ?>
<extension type="plugin" group="fields" method="upgrade">
	<name>plg_fields_order</name>
	<author>Korenevskiy Sergei Borisovich</author>
	<creationDate>2022-04-07</creationDate>
	<modificationDate>2022-06-03</modificationDate>
	<copyright>Copyright (C) Explorer-Office</copyright>
	<license>GNU General Public License version 2 or later; see LICENSE.txt</license>
	<authorEmail>koreshs@mail.ru</authorEmail>
	<authorUrl>//explorer-office.ru/download</authorUrl>
	<version>4.0.0</version>
	<description>&lt;span  class=&quot;badge badge-info&quot; &gt;[[%1:]]:[[%2:]] / [[%3:]]:[[%4:]]&lt;/span&gt;&lt;br> &lt;br> , 
		JVERSION,4.0.0,JDate,2022-06-03</description>
	<files>
		<filename plugin="order">order.php</filename>
		<filename>order.xml</filename>
		<folder>field</folder>
		<folder>fields</folder>
		<folder>language</folder>
		<folder>layouts</folder>
		<folder>libs</folder>
		<folder>params</folder>
		<folder>sql</folder>
		<folder>tmpl</folder>
	</files>
	<languages folder="language"  >
		<!--		D:\Work\www.gesor.ru\site_source\plugins\fields\cost_\cost.xml -->
			<language tag="en-GB">en-GB/plg_fields_order.ini</language>
			<language tag="en-GB">en-GB/plg_fields_order.sys.ini</language>
			<language tag="ru-RU">ru-RU/plg_fields_order.ini</language>
			<language tag="ru-RU">ru-RU/plg_fields_order.sys.ini</language>
	</languages>
	
	
	
	
    <install>
        <sql> 
            <file driver="mysqli" charset="utf8">sql/mysqli_install.sql</file> 
            <file driver="mysqli"               >sql/mysqli_install.sql</file>
            <file driver="mysql"  charset="utf8">sql/mysqli_install.sql</file>
            <file driver="mysql"                >sql/mysqli_install.sql</file>
        </sql>
    </install> 
    <update> 
        <schemas> 
            <!--<schemapath type="mysql">sql</schemapath>   --> 
            <!--<schemapath type="mysqli">sql</schemapath>   --> 
        </schemas> 
    </update> 
    <uninstall>
        <sql>
            <file driver="mysqli" charset="utf8">sql/mysqli_uninstall.sql</file>
            <file driver="mysqli"               >sql/mysqli_uninstall.sql</file>
            <file driver="mysql" charset="utf8" >sql/mysqli_uninstall.sql</file>
            <file driver="mysql"                >sql/mysqli_uninstall.sql</file>
        </sql>
    </uninstall>
    <!--<scriptfile>script.php</scriptfile> --> 
    <!--<installfile>install.php</installfile> --> 
     <!--<uninstallfile>uninstall.php</uninstallfile>--> 
    
    <updateservers>
		<server type="extension" priority="1" name="&quot;Order List Field&quot; ">https://korenevskiy.github.io/plg_fields_order/plg_fields_order_update.xml</server>
        <server type="extension" priority="2" name="&quot;Order List Field&quot; ">https://explorer-office.ru/files/plg_fields_order_update.xml</server>
    </updateservers>
    <!--
    <administration>
        <menu link="option=com_plugins&amp;view=plugins&amp;filter.search=%D0%91%D0%B8%D0%BB%D0%B5%D1%82" img="components/com_lendr/assets/images/lendr_icon.png">JSHOP_PLACE_BILET_ITEMMENU_PLUGINMARKET_LABEL</menu>
        <menu link="option=com_modules&amp;filter.module=mod_jshopping_categories" img="components/com_lendr/assets/images/lendr_icon.png">JSHOP_PLACE_BILET_ITEMMENU_MODULEMARKET_LABEL</menu>
    </administration>
	-->
	
	
	<config>
		<fields name="params">
			<fieldset name="basic">
				<!-- Параметры в настройках Плагина  -->
				<!--
					<field 
						name="list_fields"
						_addfieldpath="plugins/system/order/field"
						type="gridfields"
						label="Еденицы учета"
						xlayout="GridFields"  
						creatable="true"
						movable="true"
						removable="true" 
						removableClass="btn-sm"
						removable-class="btn-sm"
						>
						<default>
							{
							"name_field":["Имя","Телефон","Почта"],
							"type_field":["text","text","text"],
							"alias_field":["name","phone","mail"],
							"display_field":["1","1","1"]
							}
						</default>
	
						<defaultSQL>
	
						</defaultSQL>
						<field
							name="name_field"
							type="text"  
							label="Имя"
							default=""
							translateDefault="1"
							class="" />
	
						<field
							name="type_field"
							type="radio" 
							label="Тип" 
							default="1"
							translateDefault="1"
							class="btn-group-sm btn-group-toggle  btn-group btn-sm _btn-group-yesno  _button btn-mini btn_ input_small _input-mini ">
							<option	value="text">Текст</option>
							<option	value="textarea">Поле</option>
						</field>
						<field
							name="alias_field"
							label="Альяс"
							type="text"
							default=""
							class="" />
	
						<field
							name="display_field"
							type="radio" 
							default="1"
							label="JENABLED"
							class="btn-group-sm btn-group-toggle  btn-group btn-sm btn-group-yesno  _button btn-mini btn_ input_small _input-mini ">
							<option value="1">JON</option>
							<option value="0">JOFF</option>
						</field>
	
						<css>
							.head._Checkbox, .head.type_checkbox {width: 90px;}
						</css>
					</field>
				-->
				<!-- checkbox radio -->
 
				<!--  form-control-sm form-select-sm			btn-group-sm   btn-group    btn-mini  input_small      w10 check
				btn-group-sm btn-group-toggle  btn-group btn-sm btn-group-yesno  _button btn-mini btn_ input_small _input-mini        w10 check    btn-mini   input_small -->
			

			
				<field name="sendMailSystem"
					   type="radio"
					   label="PLG_ORDER_PARAM_MAILSITE"
					   class="radio btn-group btn-group-yesno"
					   default="1"
					   multiple="true" >
					<option value="1">JENABLED</option>
					<option value="0">JDISABLED</option>
				</field>
			
			
				<field name="sendMailUser"
					   type="user"
					   label="JGLOBAL_EMAIL"
					   groups="8"
					   select="true"
					   new="true"
					   edit="true"
					   clear="true"
					   
					   _desc="A_DESCRIPTION_IS_ALWAYS_GOOD"
					   _class=" "
					   __multiple="true"
					   _Xfilter="Super Users"
					   _filter="unset"
				/>
			
				<field name="sendMailText"
					   type="textarea"
					   label="JGLOBAL_EMAIL" />
			
				<field name="sendMailGroup"
					   type="usergrouplist"
					   label="JLIB_RULES_GROUPS"
					   default="8"
					   multiple="true" />
				<field name="sfxTitleOrder"
					   type="text"
					   default=" {phone} {name} {mail}"
					   label="PLG_ORDER_PARAM_SFX_TITLE"/>
				
				<!--				
		 <field name="WorkflowComponentSections" 
				type="WorkflowComponentSections" 
				label="WorkflowComponentSections"/>
		 
		 <field name="Workflowcondition"
				type="Workflowcondition"  extension="com_content.article"
				label="Workflowcondition"/>-->
				
				<field name="workflowstage" 
					   activeonly="false"
					   type="workflowstage" extension="com_content.article"
					   label="[[%1:]] [[%2:]],PLG_ORDER_PARAM_ARTICLE,PLG_ORDER_PARAM_STAGE"/>
			</fieldset>
		</fields>
	</config>
</extension>
