<?xml version="1.0" encoding="utf-8"?>
<form>
	<fields name="fieldparams">
		<fieldset name="fieldparams">
			<!-- Параметры в настройках Поля  -->
			
			<!-- -->
			
			<!--  -->
			
			<!--		<field
		   name="query"
		   type="sql"
		   label="JMODULES"
		   description=""
						   
						   query="
SELECT  CONCAT(id ,': ',title,' :/',module,'/',position,'') title,
id  /*id, title, position, module, client_id ,*/
FROM #__modules 
WHERE client_id = 0
ORDER BY position, module, id ; "
							 key_field="id" 
							 value_field="title"
							 
	   />  

				   
		   <field name="modules_type" type="radio" class="radio btn-group" 
				  label="[[%1:]] ,Modules type"
				  default="sel"     >
			  <option value="sel">JSELECTED</option>
			  <option value="pos">JPOSITIONS</option> 
		   </field>
			-->
			<!-- ======================================================================================= -->             
			<!--
					   <field name="task"  
							  label="Show for URL:Task" 
							  type="folderlist" 
							  default=""                                    
							  multiple="true"      
							  hide_none="false"      
							  directory="/components/com_content/views" 
							  filter="" exclude="" stripext="" />
										   <option value="">[[%1:]],JOPTION_DO_NOT_USE</option> &quot;  [[%1:]]  ↓ ↓ &lt;a&gt;
			--> 
			<!--
				<field 
					type="note" label="123"/> 
			-->
				
			<field 
				type="spacer"/> 
			
			<field
				name="tranlatex" 
				type="translate"
				addfieldpath="plugins/fields/cost/field"
				xfile="plg_fields_cost" 
				class="" />
			<!-- 
			   <field
				   name="param_name" 
				   type="text"  
				   label="Имя" 
				   hint="Цвет или Упаковка"
				   class="" /> 
			   <field
				   name="param_unit" 
				   addfieldpath="plugins/fields/cost/field"
				   type="units" 
				   class="  "
				   label="Единица" />
			   
					
				   
			   <field
				   name="param_copmute"
				   type="list"
				   default="="
				   label="Вычисление"  style="min-width: 40px;"
				   class="      far fa-edit    ">
				   <option value="">[[%1:]],JOPTION_DO_NOT_USE</option> 
				   <option	value="=">[[%1:]][[%2:]],=, Применить</option>
				   <option	value="+">[[%1:]][[%2:]],+, Сложить</option>
				   <option	value="-">[[%1:]][[%2:]],-, Вычесть</option>
				   <option	value="*">[[%1:]][[%2:]],*, Умножить</option>
				   <option	value="/">[[%1:]][[%2:]],/, Разделить</option>
			   </field> 
			
		   <field 
			   name="param_option"
			   xaddfieldpath="plugins/system/order/field"
			   type="gridfields"
			   label="Список параметров"
					
			   creatable="true"
			   movable="true"
			   removable="true" 
			   removableClass="btn-sm"
			   removable-class="btn-sm"
			   >
				 
			   <default>
				   {
				   "name_param":[""]
				   }
			   </default>
			   <field
				   name="name_param" 
				   type="text"  
				   label="Опции" 
				   description="Если список пустой, то параметры можно ввдить в Товаре."
				   hint="Красный или Зеленый или Черный или 1шт. или 10шт. или 100шт."
				   class="" />
		   </field> 
			-->
			<!-- 
		<field
			name="param_option"
			label="Опции"
			description="Опции через |, Если пусто, то опции настраиваемые."
			hint="Красный |Зеленый |Черный или 1шт.|10шт.|100шт."
			size="30"
			type="textarea"   
			default=""
			class="" />  --> 
			<!-- ======================================================================================= -->         

 
			<!--  --> 
			<field 
				name="list_fields"
				type="gridfieldsmod"
				label="PLG_COST_PARAM_LISTFIELDS"
				Xlayout="GridFields"
				Xaddfieldpath="plugins/fields/cost/field"
				     
				creatable="true"
				movable="true"
				removable="true" 
				removableClass="btn-sm"
				removable-class="btn-sm"
			>
				<!-- 
				-->
				<default>
					{
					"index_param":["0"],
					"type_param":[""],
					"name_param":[""],
					"option_param":[""],
					"unit_param":["0"],
					"compute_param":["+"],
					"select_param":["number?"]
					}
				</default>
				<field
					name="index_param" 
					type="hidden" />
				<field
					name="type_param" 
					type="hidden" 
					default="" />
				<field
					name="name_param" 
					type="text"  
					label="PLG_COST_PARAM_NAME" 
					hint="PLG_COST_PARAM_NAME_HINT"
					class="" /> 
				<field
					name="option_param"
					label="PLG_COST_PARAM_OPTIONS"
					description="PLG_COST_PARAM_OPTIONS_DESCRIPTION"
					hint="PLG_COST_PARAM_OPTIONS_HINT"
					size="30"
					type="textarea"   
					default=""
					class="" />
				<field
					name="unit_param"
					addfieldpath="plugins/fields/cost/field"
					type="units"
					class="form-select-sm  -w-5 "
					label="PLG_COST_PARAM_UNIT" />
				

					
				<field
					name="compute_param"
					type="list"
					default="+"
					label="[[%1:]],PLG_COST_PARAM_PRICE"  style="min-width: 40px;"
					class="  btn-sm  _button btn-mini btn_ input_small _input-mini   form-control-sm    far fa-edit   form-select-sm  -w-5 ">
					<option value="_">[[%1:]],JHIDE</option>
					<option value="0">[[%1:]],JOPTION_DO_NOT_USE</option> 
					<option value="👁">- [[%1:]] -,JSHOW</option> 
					<!--<option value="☺">- [[%1:]] -,JSHOW</option>--> 
					<!--					<option	value="=">[[%1:]],PLG_COST_PARAM_EQUAL</option>-->
					<option	value="+">[[%1:]],PLG_COST_PARAM_PLUS</option>
					<option	value="-">[[%1:]],PLG_COST_PARAM_MINUS</option>
					<option	value="*">[[%1:]],PLG_COST_PARAM_TIMES</option>
					<option	value="/">[[%1:]],PLG_COST_PARAM_DIVIDE</option>
				</field> 
				
				<field name="account_param" type="list"
					   class="_radio btn-group _btn form-select-sm input_small    btn-sm    btn-mini   input_small form-control-sm" 
					   classHeader=" mw-6r"
					   label="[[%1:]] ,PLG_COST_PARAM_ACCOUNT"
					   default="on"     >
					<option value="1">JON</option>
					<option value="0">JOFF</option> 
					<option value="1!">PLG_COST_FIELD_ALLWAYS</option>
					<option value="0!">PLG_COST_FIELD_NEVER</option> 
				</field>
				
				<field name="select_param" type="groupedlist"
					   class="_radio btn-group _btn form-select-sm input_small    btn-sm    btn-mini   input_small form-control-sm" 
					   classHeader=" mw-6r"
					   label="[[%1:]] ,PLG_COST_PARAM_SELECT"
					   default="number?"     >					
					<group label="PLG_COST_GROUP_Q">
						<option value="radio?">[[%1:]] ?,PLG_COST_PARAM_ONE</option>
						<option value="checkbox?">[[%1:]] ?,PLG_COST_PARAM_MULTI</option>
						<option value="number?">[[%1:]] ?,PLG_COST_PARAM_QUANTITY</option>
						<option value="_?"> [[%1:]] ?,JHIDE</option>
					</group>
					<group label="PLG_COST_GROUP_C"> 
						<!--<option value="?">JOPTION_DO_NOT_USE</option>-->
						<!--<option value="0">JOPTION_DO_NOT_USE</option>-->
					
						<option value="radio">PLG_COST_PARAM_ONE</option>
						<option value="checkbox">PLG_COST_PARAM_MULTI</option>
						<option value="number">PLG_COST_PARAM_QUANTITY</option>
					
					</group>
					<group label="PLG_COST_GROUP_R"> 
						<!--<option value="_">- [[%1:]] -,JHIDE</option>-->
						<!--<option value="hidden">- [[%1:]] -,JHIDE</option>-->
						<option value="radio!">[[%1:]] !,PLG_COST_PARAM_ONE</option>
						<option value="checkbox!">[[%1:]] !,PLG_COST_PARAM_MULTI</option>
						<option value="number!">[[%1:]] !,PLG_COST_PARAM_QUANTITY</option>
						<option value="_!">[[%1:]] !,JHIDE</option>
					</group>

				</field> 
			 
				<field name="layout_param" 
					   type="filelist" 
					   label="JFIELD_ALT_LAYOUT_LABEL" 
					   description="JFIELD_ALT_MODULE_LAYOUT_DESC"
					   class="form-select form-select-sm btn-group  btn-sm form-control-sm mw-100"
					   classHeader=" _mw-6r"
					   parentclass=" _w-6r"
					   directory="/plugins/fields/cost/tmpl/group"
					   hide_none="false"
					   hide_default="false"
					   default="table"
					   stripExt="true"
					   fileFilter="^(?!(layout_*)|(cost.php)|(default.php)).*.php$"
				/>
			</field>
			
			<field
				name="orderId"
				type="sql" 
				x="  AS text "
				value_field="title"
				label="PLG_COST_PARAM_SELECTORDERFORM"
				query="SELECT `id`  AS `value`, CONCAT_WS('', id,': ', `title`,' - ',label ) title   FROM `#__fields` WHERE `type`='order';"
			/>
			
			
			<field 
				type="spacer"/> 
			<field 
				type="spacer"/> 
			<field 
				type="note" label="PLG_COST_LIST_NOTE_DISPLAY"/> 

			<field
				name="list_params_captions"
				type="radio" 
				default="0"
				label="PLG_COST_LIST_CAPTIONS"
				class=" btn-group-toggle  btn-group btn-group-yesno  _button btn-mini btn_ input_small _input-mini ">
				<option value="1">JON</option>
				<option value="0">JOFF</option>
			</field>
			<field
				name="list_min_cost"
				type="radio" 
				default="0"
				label="PLG_COST_LIST_COST_MIN"
				class=" btn-group-toggle  btn-group btn-group-yesno  _button btn-mini btn_ input_small _input-mini ">
				<option value="1">JON</option>
				<option value="0">JOFF</option>
			</field>
			<field
				name="list_max_cost"
				type="radio" 
				default="0"
				label="PLG_COST_LIST_COST_MAX"
				class=" btn-group-toggle  btn-group btn-group-yesno  _button btn-mini btn_ input_small _input-mini ">
				<option value="1">JON</option>
				<option value="0">JOFF</option>
			</field>
			<field
				name="list_count_quantity"
				type="radio" 
				default="0"
				label="PLG_COST_LIST_COUNT_QUANTITY"
				class=" btn-group-toggle  btn-group btn-group-yesno  _button btn-mini btn_ input_small _input-mini ">
				<option value="1">JON</option>
				<option value="0">JOFF</option>
			</field>
			<field
				name="list_count_params"
				type="radio" 
				default="0"
				label="PLG_COST_LIST_COUNT_PARAMS"
				class=" btn-group-toggle  btn-group btn-group-yesno  _button btn-mini btn_ input_small _input-mini ">
				<option value="1">JON</option>
				<option value="0">JOFF</option>
			</field>
			<field
				name="list_params_fields"
				type="radio" 
				default="0"
				readonly="true"
				disabled="true"
				label="&lt;strike&gt;[[%1:]]&lt;/strike&gt;&lt;br&gt;&lt;b&gt;[[%2:]]&lt;/b&gt;,PLG_COST_LIST_FIELDS,PLG_COST_LIST_DEVELOP"
				class=" btn-group-toggle  btn-group btn-group-yesno  _button btn-mini btn_ input_small _input-mini ">
				<option value="1">JON</option>
				<option value="0">JOFF</option>
			</field>
			<!-- 
			
			<field
				label="JEDIT"
				type="format" 
				default=""  
					filter="integer"
				hint="12,23" hiddenLabel="true"
				class=" span1">
					<![CDATA[
					<a href="/administrator/index.php?option=com_modules&view=module&layout=edit&id=$id" target="_blank">%1$s</a> ]]>
			</field>
			--> 
			
			
			
			
			<!--				<field
								name="layout"
								type="layout"
								label="PLG_FIELDS_TEXT_PARAMS_FILTER_LABEL"
								class="list"
								default="JComponentHelper::filterText"
								validate="options">
							</field>
			-->
			<!--				<field
								name="layoutx"
								type="fieldLayout"
								label="PLG_FIELDS_TEXT_PARAMS_FILTER_LABEL"
								class="list"
								default="JComponentHelper::filterText"
								validate="options"
								>
								<option value="cost">Cost</option>
								<option value="tableX">TableX</option>
							</field>
			-->
		</fieldset>
	</fields>
		
	
	<!--	<fields name="params">
		<field
					name="layout"
					type="fieldLayout"
					label="COM_FIELDS_FIELD_LAYOUT_LABEL"
					class="form-select"
				>
					<option value="cost:table">TableX</option>
					<option value="cost:list">ListX</option>
		</field>
	</fields>-->
</form>
