<?xml version="1.0" encoding="utf-8" ?>
<extension type="plugin" group="fields" method="upgrade">
	<name>plg_fields_cost</name>
	<author>Korenevskiy Sergei Borisovich</author>
	<creationDate>2022-04-07</creationDate>
	<modificationDate>2022-06-03</modificationDate>
	<copyright>Copyright (C) Explorer-Office</copyright>
	<license>GNU General Public License version 2 or later; see LICENSE.txt</license>
	
	<authorEmail>koreshs@mail.ru</authorEmail>
	<authorUrl>//explorer-office.ru/download</authorUrl>
	<version>4.0.0</version>
	<description>&lt;span  class="badge badge-info" &gt;[[%1:]]:[[%2:]] / [[%3:]]:[[%4:]]&lt;/span&gt;&lt;br> &lt;br> ,
		JVERSION,4.0.0,JDate,2022-06-03</description>
	
	
	
	<files>
		<filename plugin="cost">cost.php</filename>
		<filename>cost.xml</filename>
		<filename>note.txt</filename>
		<filename>script.php</filename>
		<folder>field</folder>
		<folder>fields</folder>
		<folder>language</folder>
		<folder>layouts</folder>
		<folder>params</folder>
		<folder>sql</folder>
		<folder>tmpl</folder>
	</files>
	<languages folder="language"  >
        <language tag="en-GB">en-GB/plg_fields_cost.ini</language>
		<language tag="en-GB">en-GB/plg_fields_cost.sys.ini</language>
		<language tag="ru-RU">ru-RU/plg_fields_cost.ini</language>
		<language tag="ru-RU">ru-RU/plg_fields_cost.sys.ini</language>
	</languages>
	
	
	
    <install>
        <sql> 
            <file driver="mysqli" charset="utf8">sql/mysqli_install.sql</file> 
            <file driver="mysqli"               >sql/mysqli_install.sql</file>
            <file driver="mysql"  charset="utf8">sql/mysqli_install.sql</file>
            <file driver="mysql"                >sql/mysqli_install.sql</file>
        </sql>
    </install> 
    <update> 
        <schemas> 
            <!--<schemapath type="mysql">sql</schemapath>   --> 
            <!--<schemapath type="mysqli">sql</schemapath>   --> 
        </schemas> 
    </update> 
    <uninstall>
        <sql>
            <file driver="mysqli" charset="utf8">sql/mysqli_uninstall.sql</file>
            <file driver="mysqli"               >sql/mysqli_uninstall.sql</file>
            <file driver="mysql" charset="utf8" >sql/mysqli_uninstall.sql</file>
            <file driver="mysql"                >sql/mysqli_uninstall.sql</file>
        </sql>
    </uninstall>
    <!--<scriptfile>script.php</scriptfile>-->
    <!--<installfile>install.php</installfile> --> 
     <!--<uninstallfile>uninstall.php</uninstallfile>--> 
    
    <updateservers>
		<server type="extension" priority="1" name="&quot;Cost list field &quot;">https://korenevskiy.github.io/plg_fields_order/plg_fields_cost_update.xml</server>
        <!--<server type="extension" priority="1" name="&lt;b&gt;&quot;Bilet Movie-Theater&quot; tickets PRO&lt;/b&gt;">http://explorer-office.ru/files/plg_jshopping_PlaceBilet_update.xml</server>--> 
    </updateservers>
    <!--
    <administration>
        <menu link="option=com_plugins&amp;view=plugins&amp;filter.search=%D0%91%D0%B8%D0%BB%D0%B5%D1%82" img="components/com_lendr/assets/images/lendr_icon.png">JSHOP_PLACE_BILET_ITEMMENU_PLUGINMARKET_LABEL</menu>
        <menu link="option=com_modules&amp;filter.module=mod_jshopping_categories" img="components/com_lendr/assets/images/lendr_icon.png">JSHOP_PLACE_BILET_ITEMMENU_MODULEMARKET_LABEL</menu>
    </administration>
	-->
	<dashboards>
		<dashboard title="COM_EXAMPLE_DASHBOARD_TITLE" icon="icon-lock">example</dashboard>
	</dashboards>
	<menu>COM_EXAMPLE</menu>
	
		<!--
			Note that all & must be escaped to &amp; for the file to be valid
			XML and be parsed by the installer
		-->
<!--	<submenu>		
		<menu link="anoption=avalue&amp;anoption1=avalue1">COM_EXAMPLE_SUBMENU_ANOPTION</menu>
		<menu view="viewname">COM_EXAMPLE_SUBMENU_VIEWNAME</menu>
	</submenu>-->
	
	<config>
		<fields name="params">
			<fieldset name="basic">
				<!-- Параметры в настройках Плагина  -->
				
					<field
						name="tranlatex" 
						type="translate"
					addfieldpath="plugins/fields/cost/field"
						xfile="plg_fields_cost" 
						class="" />

				<field 
					name="list_units"
					_addfieldpath="plugins/system/order/field"
					type="GridFields"
					label="Еденицы учета"
					xlayout="GridFields"  
					creatable="true"
					movable="true"
					removable="true" 
					removableClass="btn-sm"
					removable-class="btn-sm"
					>
					<default>
						{
						"name_unit":["PLG_COST_UNIT_PCS_F","PLG_COST_UNIT_PKG_F","PLG_COST_UNIT_CTN_F","PLG_COST_UNIT_KGS_F","PLG_COST_UNIT_GRS_F"],
						"short_unit":["PLG_COST_UNIT_PCS","PLG_COST_UNIT_PKG","PLG_COST_UNIT_CTN","PLG_COST_UNIT_KGS","PLG_COST_UNIT_GRS"],
						"type_unit":["integer","integer","integer","float","float"],
						"enable_unit":["1","1","1","1","1"]
						}
					</default>

					<defaultSQL>

					</defaultSQL>
					<field
						name="name_unit" 
						type="text"  
						label="PLG_COST_PARAM_TITLE"
						translateDefault="1"
						class="" />
					<field
						name="short_unit"
						label="PLG_COST_PARAM_SHORT"
						translateDefault="1"
						size="30"
						type="text"  
						description=""
						default=""
						class="" />

					<field
						name="type_unit"
						type="radio" 
						default="1"
						label="PLG_COST_PARAM_TYPE"
						description="MOD_MULTI_FORM_NO_LABEL"
						class="btn-group-sm btn-group-toggle  btn-group btn-sm _btn-group-yesno  _button btn-mini btn_ input_small _input-mini ">
						<option	value="integer">Integer</option>
						<option	value="float">Float</option>
						<option	value="percent">Percent</option>
					</field>

					<field
						name="enable_unit"
						type="radio" 
						default="1"
						label="JENABLED"
						class="btn-group-sm btn-group-toggle  btn-group btn-sm btn-group-yesno  _button btn-mini btn_ input_small _input-mini ">
						<option value="1">JON</option>
						<option value="0">JOFF</option>
					</field>

				</field>
					<!-- -->

				<field 
					name="list_currencies"
					_addfieldpath="plugins/system/order/field"
					type="gridfields"
					label="PLG_COST_PARAM_CURRENCY"
					xlayout="GridFields"
					creatable="true"
					movable="true"
					removable="true" 
					removableClass="btn-sm"
					removable-class="btn-sm"
					>
					

					
					<default>
						{
						"name_cur":["Рублей","Dollar","Euro","Pound","円","元"],
						"short_cur":["₽","$","€","£","¥","Ұ"],
						"code_cur":["RUB","USD","EUR","GBP","JPY","CNY"],
						"ratio_cur":["1","1","1","1","1","1"],
						"default_cur":0,
						"display_cur":["1","1","1","1","1","1"]
						}
					</default>

					<defaultSQL>

					</defaultSQL>
					<field
						name="name_cur" 
						type="text"  
						label="PLG_COST_PARAM_NAME_CUR"
						class="" />
					<field
						name="short_cur"
						label="PLG_COST_PARAM_SHORT_CUR"
						size="10"
						type="text"
						default=""
						class="" />

					<field
						name="code_cur"
						type="text" 
						default=""
						size="5"
						label="PLG_COST_PARAM_CODE_CUR"
						description="PLG_COST_PARAM_CODE_CUR_DESC"
						class=""/>

					<field
						name="ratio_cur"
						type="text" 
						default=""
						label="PLG_COST_PARAM_RATIO_CUR"
						size="5"
						class=""/>
					<field
						name="default_cur"
						type="radio" 
						default="1"
						label="PLG_COST_PARAM_DEFAULT_CUR"
						class="btn-group-sm btn-group-toggle  btn-group btn-sm btn-group-yesno  _button btn-mini btn_ input_small _input-mini "> 
					</field>
					<field
						name="display_cur" 
						type="checkbox" 
						value="1" 
						label="PLG_COST_PARAM_DISPLAY_CUR"
						class=""/>
					<css>
						.head._Checkbox, .head.type_checkbox {width: 90px;}
					</css>
				</field>
				<!--  form-control-sm form-select-sm			btn-group-sm   btn-group    btn-mini  input_small      w10 check
				btn-group-sm btn-group-toggle  btn-group btn-sm btn-group-yesno  _button btn-mini btn_ input_small _input-mini        w10 check    btn-mini   input_small -->
			
			
			
			
			</fieldset>
		</fields>
	</config>
</extension>
