<?xml version="1.0" encoding="utf-8"?>
<form>
	<fields name="fieldparams">
		<fieldset name="fieldparams">
			<!-- Параметры в настройках Поля  -->
			
			<!-- -->
			
			<!--  -->
			
			<!--		<field
		   name="query"
		   type="sql"
		   label="JMODULES"
		   description=""
						   
						   query="
SELECT  CONCAT(id ,': ',title,' :/',module,'/',position,'') title,
id  /*id, title, position, module, client_id ,*/
FROM #__modules 
WHERE client_id = 0
ORDER BY position, module, id ; "
							 key_field="id" 
							 value_field="title"
							 
	   />  

				   
		   <field name="modules_type" type="radio" class="radio btn-group" 
				  label="[[%1:]] ,Modules type"
				  default="sel"     >
			  <option value="sel">JSELECTED</option>
			  <option value="pos">JPOSITIONS</option> 
		   </field>
			-->
			<!-- ======================================================================================= -->             
			<!--
					   <field name="task"  
							  label="Show for URL:Task" 
							  type="folderlist" 
							  default=""                                    
							  multiple="true"      
							  hide_none="false"      
							  directory="/components/com_content/views" 
							  filter="" exclude="" stripext="" />
										   <option value="">[[%1:]],JOPTION_DO_NOT_USE</option> &quot;  [[%1:]]  ↓ ↓ &lt;a&gt;
			--> 
			<!--
				<field 
					type="note" label="123"/> 
			-->
				
			<field 
				type="translate"
				xaddfieldpath="plugins/fields/order/field"
				xfile="plg_fields_order" 
				class="" /> 
				
			<field 
				name="subFields"
				type="GridFields"
				label="PLG_ORDER_PARAM_ADDITIONAL"
					addfieldpath="plugins/fields/order/field"
				Xlayout="GridFields"  
				creatable="true"
				movable="true"
				removable="true" 
				XremovableClass="btn-sm"
				Xremovable-class="btn-sm"
				buttonClass=" "
				translateDefault="1"
			>
				<field
					name="idField"
					type="fieldslist"
					class="col"
					exclude="order"
					label="PLG_FIELDS_SUBFORM_PARAMS_CUSTOMFIELD_LABEL"
					Xcontext=""
					Xdefault=""
					Xrequired="true"
				/>
					<!--
										<field
												name="render_values"
												type="radio"
												label="PLG_FIELDS_SUBFORM_PARAMS_RENDER_VALUES_LABEL"
												layout="joomla.form.field.radio.switcher"
												default="1"
												>
													<option value="0">JNO</option>
													<option value="1">JYES</option>
												</field>
					-->
			</field>
			

					
							
			<field 
				type="spacer"/> 
			
			<field 
				name="check_gdpr" 
				type="checkbox" 
				label="Галка персональных данных (ПД)"
				description="Галка Согласия обработку ПД"
				value="1" 
				checked="1" />
			
			<field name="check_gdpr" type="radio" class="radio btn-group btn-group-yesno" 
				   label="[[%1:]] ,Галка персональных данных (ПД)" 
				   description="Галка Согласия обработку ПД"
				   default="1"     >
				<option value="1">JYES</option>
				<option value="0">JNO</option> 
			</field>
		   
			<field
				name="text_gdpr"
				type="text"
				showon="check_gdpr:1[OR]check_gdpr:1"
				label="Текст галки (ПД)"
				description="Текст галки Согласия обработки ПД"
				hint="Заказать"
				default="Согласие на обработку персональных данных"
				translateHint="1"
				translateDefault="1"
				class="" />
				
			<field
				name="buttonTitle" 
				type="text"
				label="Текст кнопки отправки формы" 
				hint="Заказать"
				default="Заказать"
				translateHint="1"
				translateDefault="1"
				class="" /> 
				
				
			<field 
				name="list_fields"
				type="GridFields"
				_addfieldpath="plugins/fields/order/field"
				label="Поля пользователя"
				xlayout="GridFields"  
				creatable="true"
				movable="true"
				removable="true" 
				removableClass="btn-sm"
				removable-class="btn-sm"
				
				
				translateDefault="1"
			>
				<default translateDefault="1">
					PLG_ORDER_USERFIELDS
				</default>

				<defaultSQL>

				</defaultSQL>
				
				<field
					name="id_field"
					default=""
					type="hidden"
					class="" />
				<field
					name="title_field"
					type="text"
					label="Имя"
					default=""
					translateDefault="0"
					class="" />
				<field
					name="hold_field"
					type="text"  
					label="Образец"
					default=""
					translateDefault="0"
					class="" />

				<field
					name="type_field"
					type="list" 
					label="Тип" 
					default="1"
					translateDefault="0"
					class="btn-group-sm btn-group-toggle  btn-group btn-sm _btn-group-yesno  _button btn-mini btn_ input_small _input-mini ">
					<option	value="text">PLG_ORDER_PARAM_STRING</option>
					<option	value="textarea">PLG_ORDER_PARAM_TEXT</option>
					<option	value="number">PLG_ORDER_PARAM_NUMBER</option>
					<option	value="checkbox">PLG_ORDER_PARAM_CHECK</option>
					<option	value="email">PLG_ORDER_PARAM_MAIL</option>
					<option	value="tel">PLG_ORDER_PARAM_PHONE</option>
				</field>
				<field
					name="alias_field"
					label="PLG_ORDER_PARAM_ALIAS"
					type="text"
					default=""
					class="" />

				<field 
					name="require_field" 
					type="checkbox" 
					checked="0"
					xvalue="" 
					xdefault=""
					label="PLG_ORDER_PARAM_REQUIRE" />
				<field
					name="display_field"
					type="radio" 
					default="1"
					label="JENABLED"
					class="btn-group-sm btn-group-toggle  btn-group btn-sm btn-group-yesno  _button btn-mini btn_ input_small _input-mini ">
					<option value="1">✓</option>
					<option value="0">✘</option>
				</field>

				<css>
					.head._Checkbox, .head.type_checkbox {width: 90px;}
				</css>
			</field>
			<!--  
			--> 
			
			<field
				type="spacer"
				default=""
				label="&lt;hr&gt;" />
			
			<field name="saveCategory" 
				   type="category"
				   extension="com_content" 
				   label="Category Save Order"  
				   default="0"  
			>
				<option value="">[[%1:]],JOPTION_DO_NOT_USE</option> 
			</field>
			
			<field name="captcha" 
				   type="hidden"
				   class=""  
				   label="[[%1:]] ,CAPTCHA"
				   default="default"     >
				<option value="default">JLIB_HTML_SETDEFAULT_ITEM</option> 
				<option value="0">JOPTION_DO_NOT_USE</option>
			</field>
			
			<field
				type="spacer"
				default=""
				label="&lt;hr&gt;"
				description="" />
			
			<field name="sendMail" 
				   type="radio"
				   class="_btn-group-sm btn-group-toggle  btn-group _btn-sm btn-group-yesno    "  
				   label="Send Mail"
				   default="1"     >
				<option value="1">JENABLED</option> 
				<option value="0">JDISABLED</option>
			</field>
			<field
				type="spacer"
				default=""
				label="&lt;hr&gt;"
				description="" />
			<field
				name="messageDoneId"
				type="Modal_Article"
				label="Message Done"
				addfieldpath_1="administrator/components/com_content/src/Field/Modal/"
				addfieldpath_2="administrator/components/com_content/models/fields/modal/"
				addfieldprefix="Joomla\Component\Content\Administrator\Field"
				required="false"
				select="true"
				new="true"
				edit="true"
				clear="true"
				propagate="true"
				translate_label="false"
				translateDefault="true"
				filter="integer"
				hint="12,23" 
				class="article" />
			<field 
				name="messageDone" 
				type="editor" 
				showon="messageDone:"
				label="Message Done" 
				description="" 
				height="300px"
				rows="5"
				buttons="false"
				hide="readmore,pagebreak,module,toolbarPreset"
				filter="safehtml" />
			<field
				name="messageNotFilledId"
				type="Modal_Article"
				label="Message Not Filled"
				addfieldprefix="Joomla\Component\Content\Administrator\Field"  
				required="false"
				select="true"
				new="true"
				edit="true"
				clear="true"
				propagate="false"
				translate_label="false"
				translateDefault="true"
				filter="integer"
				hint="12,23" 
				class="article" />
			<field 
				name="messageNotFilled" 
				type="editor" 
				showon="messageError:"
				label="Message Not Filled"
				description="" 
				width="300" 
				rows="5"
				filter="safehtml" />
			<field
				name="messageErrorId"
				type="Modal_Article"
				label="Message Error"
				addfieldprefix="Joomla\Component\Content\Administrator\Field"  
				required="false"
				select="true"
				new="true"
				edit="true"
				clear="true"
				propagate="false"
				translate_label="false"
				translateDefault="true"
				filter="integer"
				hint="12,23" 
				class="article" />
			<field 
				name="messageError" 
				type="editor" 
				showon="messageError:"
				label="Message Error"
				description="" 
				width="300" 
				rows="5"
				filter="safehtml" />
			<!-- 
			   <field
				   name="param_unit" 
				   addfieldpath="plugins/fields/cost/field"
				   type="units" 
				   class="  "
				   label="Единица" />
			   
					
				   
			   <field
				   name="param_copmute"
				   type="list"
				   default="="
				   label="Вычисление"  style="min-width: 40px;"
				   class="      far fa-edit    ">
				   <option value="">[[%1:]],JOPTION_DO_NOT_USE</option> 
				   <option	value="=">[[%1:]][[%2:]],=, Применить</option>
				   <option	value="+">[[%1:]][[%2:]],+, Сложить</option>
				   <option	value="-">[[%1:]][[%2:]],-, Вычесть</option>
				   <option	value="*">[[%1:]][[%2:]],*, Умножить</option>
				   <option	value="/">[[%1:]][[%2:]],/, Разделить</option>
			   </field> 
			
 
			-->
			<!-- 
			--> 
			<!-- 
			 
			--> 
			
			
			
			
			<!--				<field
								name="layout"
								type="layout"
								label="PLG_FIELDS_TEXT_PARAMS_FILTER_LABEL"
								class="list"
								default="JComponentHelper::filterText"
								validate="options">
							</field>
			-->
			<!--				<field
								name="layoutx"
								type="fieldLayout"
								label="PLG_FIELDS_TEXT_PARAMS_FILTER_LABEL"
								class="list"
								default="JComponentHelper::filterText"
								validate="options"
								>
								<option value="cost">Cost</option>
								<option value="tableX">TableX</option>
							</field>
			-->
		</fieldset>
	</fields>
		
	
	<!--	<fields name="params">
		<field
					name="layout"
					type="fieldLayout"
					label="COM_FIELDS_FIELD_LAYOUT_LABEL"
					class="form-select"
				>
					<option value="cost:table">TableX</option>
					<option value="cost:list">ListX</option>
		</field>
	</fields>-->
</form>
